,,,,,,,Playing Time,Playing Time,Playing Time,Playing Time,Performance,Performance,Performance,Performance,Performance,Performance,Performance,Performance,Per 90 Minutes,Per 90 Minutes,Per 90 Minutes,Per 90 Minutes,Per 90 Minutes,,-additional
Rk,Player,Nation,Pos,Squad,Age,Born,MP,Starts,Min,90s,Gls,Ast,G+A,G-PK,PK,PKatt,CrdY,CrdR,Gls,Ast,G+A,G-PK,G+A-PK,Matches,-9999
1,James Abankwah,ie IRL,DF,Udinese,22-220,2004,1,1,90,1.0,0,0,0,0,0,0,1,0,0.00,0.00,0.00,0.00,0.00,Matches,4b7a9fcc
2,Zakaria Aboukhlal,ma MAR,FWMF,Torino,26-187,2000,1,0,10,0.1,0,0,0,0,0,0,0,0,0.00,0.00,0.00,0.00,0.00,Matches,c2a6033c
3,Akor Adams,ng NGA,FW,Venezia,26-207,2000,1,1,90,1.0,0,0,0,0,0,0,0,0,0.00,0.00,0.00,0.00,0.00,Matches,2ccd39ed
4,Ché Adams,sct SCO,FWMF,Torino,30-042,1996,1,0,21,0.2,1,0,1,1,0,0,0,0,4.29,0.00,4.29,4.29,4.29,Matches,f2bf1b0f
5,Vasilije Adžić,me MNE,MF,Sassuolo,20-104,2006,1,1,63,0.7,0,0,0,0,0,0,0,0,0.00,0.00,0.00,0.00,0.00,Matches,8b0f9fb8
6,Manuel Akanji,ch SUI,DF,Inter,31-036,1995,1,1,74,0.8,0,0,0,0,0,0,0,0,0.00,0.00,0.00,0.00,0.00,Matches,89ac64a6
7,Pontus Almqvist,se SWE,FWMF,Parma,27-045,1999,1,0,25,0.3,0,0,0,0,0,0,0,0,0.00,0.00,0.00,0.00,0.00,Matches,0917188a
8,Amorim,br BRA,MF,Genoa,21-098,2005,1,1,74,0.8,0,0,0,0,0,0,0,0,0.00,0.00,0.00,0.00,0.00,Matches,87c4d798
9,Frank Anguissa,cm CMR,MF,Napoli,30-281,1995,1,1,66,0.7,0,0,0,0,0,0,0,0,0.00,0.00,0.00,0.00,0.00,Matches,6bb2c084
10,Yann Aurel Bisseck,de GER,DF,Inter,25-268,2000,1,1,90,1.0,1,0,1,1,0,0,0,0,1.00,0.00,1.00,1.00,1.00,Matches,3963c25b
11,Giuseppe Aurelio,it ITA,MF,Cagliari,26-155,2000,1,0,4,0.0,0,0,0,0,0,0,0,0,0.00,0.00,0.00,0.00,0.00,Matches,3bd2a854
12,Darryl Bakola,fr FRA,MF,Sassuolo,18-267,2007,1,1,90,1.0,0,0,0,0,0,0,0,0,0.00,0.00,0.00,0.00,0.00,Matches,57de24a3
13,Adam Bakoune,it ITA,MF,Monza,20-199,2006,1,1,69,0.8,0,0,0,0,0,0,0,0,0.00,0.00,0.00,0.00,0.00,Matches,e5301d8c
14,Tommaso Baldanzi,it ITA,MF,Genoa,23-154,2003,1,1,65,0.7,0,0,0,0,0,0,0,0,0.00,0.00,0.00,0.00,0.00,Matches,102e2599
15,Nicolò Barella,it ITA,MF,Inter,29-198,1997,1,1,90,1.0,0,0,0,0,0,0,0,0,0.00,0.00,0.00,0.00,0.00,Matches,6928979a
16,Davide Bartesaghi,it ITA,MF,Milan,20-238,2005,1,0,25,0.3,0,0,0,0,0,0,0,0,0.00,0.00,0.00,0.00,0.00,Matches,7e0b6c50
17,Toma Bašić,hr CRO,MF,Venezia,29-272,1996,1,1,84,0.9,0,0,0,0,0,0,0,0,0.00,0.00,0.00,0.00,0.00,Matches,80556f08
18,Alessandro Bastoni,it ITA,DF,Inter,27-133,1999,1,1,90,1.0,0,0,0,0,0,0,0,0,0.00,0.00,0.00,0.00,0.00,Matches,75b86fb3
19,Martin Baturina,hr CRO,MF,Como,23-189,2003,1,1,45,0.5,0,0,0,0,0,0,0,0,0.00,0.00,0.00,0.00,0.00,Matches,d1eda5f0
20,Vakoun Bayo,ci CIV,FW,Udinese,29-226,1997,1,0,19,0.2,0,0,0,0,0,0,0,0,0.00,0.00,0.00,0.00,0.00,Matches,132f161f
21,Armel Bella Kotchap,de GER,DF,Venezia,24-256,2001,1,1,90,1.0,0,0,0,0,0,0,0,0,0.00,0.00,0.00,0.00,0.00,Matches,a39d11bc
22,Adrian Bernabe,es ESP,MF,Parma,25-090,2001,1,1,65,0.7,0,0,0,0,0,0,0,0,0.00,0.00,0.00,0.00,0.00,Matches,548672b4
23,Lorenzo Bernasconi,it ITA,DF,Atalanta,22-281,2003,1,1,70,0.8,0,0,0,0,0,0,0,0,0.00,0.00,0.00,0.00,0.00,Matches,c1041eb7
24,Justin Bijlow,nl NED,GK,Genoa,28-214,1998,1,1,90,1.0,0,0,0,0,0,0,0,0,0.00,0.00,0.00,0.00,0.00,Matches,53d93280
25,El Bilal Touré,ml MLI,FW,Parma,24-325,2001,1,1,90,1.0,0,0,0,0,0,0,0,0,0.00,0.00,0.00,0.00,0.00,Matches,47c609d5
26,Samuele Birindelli,it ITA,MF,Monza,27-036,1999,1,1,90,1.0,0,0,0,0,0,0,0,0,0.00,0.00,0.00,0.00,0.00,Matches,204ac005
27,Jeremie Boga,ci CIV,FWMF,Juventus,29-233,1997,1,0,22,0.2,0,0,0,0,0,0,0,0,0.00,0.00,0.00,0.00,0.00,Matches,fe012aca
28,Ange-Yoan Bonny,ci CIV,FW,Inter,22-303,2003,1,0,37,0.4,0,0,0,0,0,0,0,0,0.00,0.00,0.00,0.00,0.00,Matches,64629ba4
29,Gennaro Borrelli,it ITA,FW,Cagliari,26-167,2000,1,0,25,0.3,0,0,0,0,0,0,0,0,0.00,0.00,0.00,0.00,0.00,Matches,04c4edc1
30,Kieron Bowie,sct SCO,FW,Sassuolo,23-337,2002,1,1,87,1.0,0,0,0,0,0,0,0,0,0.00,0.00,0.00,0.00,0.00,Matches,6dd87204
31,Gabriele Bracaglia,it ITA,DF,Frosinone,23-036,2003,1,1,75,0.8,0,0,0,0,0,0,0,0,0.00,0.00,0.00,0.00,0.00,Matches,ff79fde4
32,Gleison Bremer,br BRA,DF,Juventus,29-159,1997,1,1,90,1.0,1,0,1,1,0,0,0,0,1.00,0.00,1.00,1.00,1.00,Matches,5fd5ed86
33,Gianluca Busio,us USA,MF,Venezia,24-088,2002,1,1,90,1.0,0,0,0,0,0,0,0,0,0.00,0.00,0.00,0.00,0.00,Matches,4a0b7f07
34,Jean Butez,fr FRA,GK,Como,31-077,1995,1,1,90,1.0,0,0,0,0,0,0,0,0,0.00,0.00,0.00,0.00,0.00,Matches,7f40333d
35,Alessio Cacciamani,it ITA,MF,Torino,19-056,2007,1,1,80,0.9,0,0,0,0,0,0,0,0,0.00,0.00,0.00,0.00,0.00,Matches,2028c5c3
36,Hakan Çalhanoğlu,tr TUR,MF,Inter,32-197,1994,1,1,53,0.6,1,0,1,1,0,0,1,0,1.70,0.00,1.70,1.70,1.70,Matches,cd0fa27b
37,Giacomo Calò,it ITA,MF,Frosinone,29-200,1997,1,1,90,1.0,0,0,0,0,0,0,0,0,0.00,0.00,0.00,0.00,0.00,Matches,d2ed2e04
38,Gabriele Calvani,it ITA,DF,Frosinone,22-224,2004,1,1,90,1.0,0,0,0,0,0,0,1,0,0.00,0.00,0.00,0.00,0.00,Matches,253a68ea
39,Andrea Cambiaso,it ITA,DFMF,Juventus,26-185,2000,1,0,22,0.2,0,0,0,0,0,0,1,0,0.00,0.00,0.00,0.00,0.00,Matches,247ed022
40,Elia Caprile,it ITA,GK,Cagliari,24-364,2001,1,1,90,1.0,0,0,0,0,0,0,0,0,0.00,0.00,0.00,0.00,0.00,Matches,97d7afbd
41,Maxence Caqueret,fr FRA,MF,Como,26-190,2000,1,0,2,0.0,0,0,0,0,0,0,0,0,0.00,0.00,0.00,0.00,0.00,Matches,f81ef10d
42,Andrea Carboni,it ITA,DF,Monza,25-201,2001,1,1,90,1.0,0,0,0,0,0,0,0,0,0.00,0.00,0.00,0.00,0.00,Matches,f7e2af2c
43,Marco Carnesecchi,it ITA,GK,Atalanta,26-054,2000,1,1,90,1.0,0,0,0,0,0,0,0,0,0.00,0.00,0.00,0.00,0.00,Matches,8ec56e62
44,Cesare Casadei,it ITA,MF,Torino,23-226,2003,1,1,69,0.8,0,0,0,0,0,0,0,0,0.00,0.00,0.00,0.00,0.00,Matches,fb920f3a
45,Zeki Çelik,tr TUR,DF,Juventus,29-188,1997,1,1,68,0.8,0,0,0,0,0,0,1,0,0.00,0.00,0.00,0.00,0.00,Matches,31a62dc7
46,Trevoh Chalobah,eng ENG,DF,Como,27-050,1999,1,1,90,1.0,0,0,0,0,0,0,0,0,0.00,0.00,0.00,0.00,0.00,Matches,5515376c
47,Matteo Chichella,it ITA,MF,Frosinone,20-324,2005,1,1,66,0.7,0,0,0,0,0,0,0,0,0.00,0.00,0.00,0.00,0.00,Matches,57ad9bf4
48,Samuel Chukwueze,ng NGA,MF,Milan,27-094,1999,1,1,90,1.0,0,1,1,0,0,0,0,0,0.00,1.00,1.00,0.00,1.00,Matches,b8a642fc
49,Riccardo Ciervo,it ITA,MF,Sassuolo,24-145,2002,1,0,3,0.0,0,0,0,0,0,0,0,0,0.00,0.00,0.00,0.00,0.00,Matches,da77b60b
50,Simone Cinquegrano,it ITA,DF,Sassuolo,22-060,2004,1,1,90,1.0,0,0,0,0,0,0,0,0,0.00,0.00,0.00,0.00,0.00,Matches,af9b8617
51,Alphadjo Cissè,it ITA,MF,Milan,19-306,2006,1,1,65,0.7,1,0,1,1,0,0,0,0,1.38,0.00,1.38,1.38,1.38,Matches,d079becb
52,Giorgio Cittadini,it ITA,DF,Frosinone,24-128,2002,1,1,90,1.0,0,0,0,0,0,0,0,0,0.00,0.00,0.00,0.00,0.00,Matches,e4ba67f2
53,Saúl Coco,gq EQG,DF,Torino,27-196,1999,1,1,90,1.0,0,0,0,0,0,0,0,0,0.00,0.00,0.00,0.00,0.00,Matches,d0ee1652
54,Lorenzo Colombo,it ITA,FW,Genoa,24-169,2002,1,1,73,0.8,0,0,0,0,0,0,0,0,0.00,0.00,0.00,0.00,0.00,Matches,04df29a5
55,Andrea Colpani,it ITA,FW,Monza,27-105,1999,1,1,69,0.8,0,0,0,0,0,0,0,0,0.00,0.00,0.00,0.00,0.00,Matches,6499048c
56,Pietro Comuzzo,it ITA,DF,Torino,21-185,2005,1,1,84,0.9,0,0,0,0,0,0,0,0,0.00,0.00,0.00,0.00,0.00,Matches,5e3ecc35
57,Francisco Conceição,pt POR,MF,Juventus,23-253,2002,1,1,68,0.8,0,1,1,0,0,0,0,0,0.00,1.32,1.32,0.00,1.32,Matches,5ef3d210
58,Thierry Correia,pt POR,MF,Venezia,27-168,1999,1,1,63,0.7,0,0,0,0,0,0,0,0,0.00,0.00,0.00,0.00,0.00,Matches,c78b352d
59,Edoardo Corvi,it ITA,GK,Parma,25-154,2001,1,1,90,1.0,0,0,0,0,0,0,0,0,0.00,0.00,0.00,0.00,0.00,Matches,a89398db
60,Lassana Coulibaly,ml MLI,MF,Lecce,30-136,1996,1,1,90,1.0,0,1,1,0,0,0,0,0,0.00,1.00,1.00,0.00,1.00,Matches,85a44ecc
61,Yan Couto,br BRA,DF,Como,24-082,2002,1,1,88,1.0,0,0,0,0,0,0,0,0,0.00,0.00,0.00,0.00,0.00,Matches,1944818c
62,Ben Cremaschi,us USA,MF,Parma,21-175,2005,1,0,6,0.1,0,0,0,0,0,0,0,0,0.00,0.00,0.00,0.00,0.00,Matches,03a446a2
63,Patrick Cutrone,it ITA,FW,Monza,28-233,1998,1,0,21,0.2,0,0,0,0,0,0,0,0,0.00,0.00,0.00,0.00,0.00,Matches,a4fe8cda
64,Lucas Da Cunha,fr FRA,MF,Como,25-076,2001,1,0,45,0.5,0,0,0,0,0,0,0,0,0.00,0.00,0.00,0.00,0.00,Matches,007faf7a
65,Matteo Dagasso,it ITA,MF,Venezia,22-145,2004,1,0,21,0.2,0,0,0,0,0,0,1,0,0.00,0.00,0.00,0.00,0.00,Matches,a13d62a9
66,Kevin De Bruyne,be BEL,FWMF,Napoli,35-057,1991,1,0,24,0.3,1,1,2,1,0,0,0,0,3.75,3.75,7.50,3.75,7.50,Matches,e46012d4
67,Charles De Ketelaere,be BEL,FWMF,Atalanta,25-167,2001,1,0,31,0.3,0,0,0,0,0,0,0,0,0.00,0.00,0.00,0.00,0.00,Matches,2ef7c612
68,Koni De Winter,be BEL,DF,Milan,24-073,2002,1,1,90,1.0,0,0,0,0,0,0,0,0,0.00,0.00,0.00,0.00,0.00,Matches,f4797849
69,Alessandro Deiola,it ITA,DF,Cagliari,31-023,1995,1,1,90,1.0,0,0,0,0,0,0,0,0,0.00,0.00,0.00,0.00,0.00,Matches,7f267d66
70,Filippo Delli Carri,it ITA,DF,Monza,27-113,1999,1,0,3,0.0,0,0,0,0,0,0,0,0,0.00,0.00,0.00,0.00,0.00,Matches,d2e8fd9b
71,Enrico Delprato,it ITA,DF,Parma,26-287,1999,1,1,90,1.0,0,0,0,0,0,0,0,0,0.00,0.00,0.00,0.00,0.00,Matches,4c6f9258
72,Giovanni Di Lorenzo,it ITA,DF,Napoli,33-020,1993,1,1,90,1.0,0,0,0,0,0,0,0,0,0.00,0.00,0.00,0.00,0.00,Matches,230a2fac
73,Ousmane Diallo,es ESP,FW,Parma,19-073,2007,1,0,16,0.2,0,0,0,0,0,0,0,0,0.00,0.00,0.00,0.00,0.00,Matches,959a585a
74,Assane Diao,sn SEN,MF,Como,20-351,2005,1,0,45,0.5,0,0,0,0,0,0,0,0,0.00,0.00,0.00,0.00,0.00,Matches,8ae7d0ec
75,Federico Dimarco,it ITA,MF,Inter,28-287,1997,1,1,90,1.0,0,0,0,0,0,0,0,0,0.00,0.00,0.00,0.00,0.00,Matches,970b8574
76,Andy Diouf,fr FRA,MF,Inter,23-099,2003,1,1,74,0.8,0,2,2,0,0,0,0,0,0.00,2.43,2.43,0.00,2.43,Matches,9b5237b1
77,Josh Doig,sct SCO,DF,Sassuolo,24-098,2002,1,1,90,1.0,0,0,0,0,0,0,0,0,0.00,0.00,0.00,0.00,0.00,Matches,2f69d881
78,Benjamín Domínguez,ar ARG,MF,Sassuolo,22-339,2003,1,0,17,0.2,0,0,0,0,0,0,0,0,0.00,0.00,0.00,0.00,0.00,Matches,a83b47fa
79,Anastasios Douvikas,gr GRE,FW,Como,27-022,1999,1,1,90,1.0,1,0,1,1,0,0,0,0,1.00,0.00,1.00,1.00,1.00,Matches,853ca71c
80,Enzo Ebosse,cm CMR,DF,Udinese,27-166,1999,1,0,45,0.5,0,0,0,0,0,0,0,0,0.00,0.00,0.00,0.00,0.00,Matches,9ba7b4fa
81,Jurgen Ekkelenkamp,nl NED,MF,Udinese,26-141,2000,1,1,84,0.9,0,1,1,0,0,0,0,0,0.00,1.07,1.07,0.00,1.07,Matches,73d6a176
82,Mikael Ellertsson,is ISL,MF,Genoa,24-166,2002,1,1,90,1.0,0,0,0,0,0,0,0,0,0.00,0.00,0.00,0.00,0.00,Matches,c55967eb
83,Elif Elmas,mk MKD,FWMF,Atalanta,26-334,1999,1,0,9,0.1,0,0,0,0,0,0,0,0,0.00,0.00,0.00,0.00,0.00,Matches,cf007308
84,Nesta Elphege,fr FRA,FW,Parma,25-227,2001,1,0,7,0.1,0,0,0,0,0,0,0,0,0.00,0.00,0.00,0.00,0.00,Matches,a3f86b82
85,Francesco Esposito,it ITA,FW,Inter,21-057,2005,1,1,90,1.0,1,1,2,1,0,0,0,0,1.00,1.00,2.00,1.00,2.00,Matches,041e5f1f
86,Pervis Estupiñán,ec ECU,MF,Milan,28-215,1998,1,1,65,0.7,0,0,0,0,0,0,0,0,0.00,0.00,0.00,0.00,0.00,Matches,d38fdf53
87,Wladimiro Falcone,it ITA,GK,Lecce,31-134,1995,1,1,90,1.0,0,0,0,0,0,0,0,0,0.00,0.00,0.00,0.00,0.00,Matches,9f5a610b
88,Jacopo Fazzini,it ITA,MF,Cagliari,23-161,2003,1,1,65,0.7,0,0,0,0,0,0,1,0,0.00,0.00,0.00,0.00,0.00,Matches,06b08c45
89,Mattia Felici,it ITA,MF,Cagliari,25-129,2001,1,0,25,0.3,0,0,0,0,0,0,0,0,0.00,0.00,0.00,0.00,0.00,Matches,38aa2612
90,Seydou Fini,it ITA,MF,Frosinone,20-083,2006,1,1,58,0.6,0,0,0,0,0,0,0,0,0.00,0.00,0.00,0.00,0.00,Matches,6411925d
91,Kian Fitz-Jim,nl NED,MF,Torino,23-050,2003,1,1,90,1.0,0,0,0,0,0,0,0,0,0.00,0.00,0.00,0.00,0.00,Matches,d4c6ba22
92,Manga Foe Ondoa,fr FRA,MF,Monza,20-255,2005,1,1,90,1.0,0,0,0,0,0,0,0,0,0.00,0.00,0.00,0.00,0.00,Matches,e66703bc
93,Omari Forson,eng ENG,MF,Monza,22-035,2004,1,0,21,0.2,0,0,0,0,0,0,0,0,0.00,0.00,0.00,0.00,0.00,Matches,1b9728b0
94,Niccolò Fortini,it ITA,MF,Torino,20-192,2006,1,0,21,0.2,0,0,0,0,0,0,0,0,0.00,0.00,0.00,0.00,0.00,Matches,ed336580
95,Bartol Franjić,hr CRO,DF,Venezia,26-222,2000,1,1,90,1.0,0,0,0,0,0,0,0,0,0.00,0.00,0.00,0.00,0.00,Matches,697dc00a
96,Morten Frendrup,dk DEN,MF,Genoa,25-139,2001,1,1,90,1.0,0,0,0,0,0,0,0,0,0.00,0.00,0.00,0.00,0.00,Matches,f4d60499
97,Matteo Gabbia,it ITA,DF,Milan,26-307,1999,1,0,15,0.2,0,0,0,0,0,0,0,0,0.00,0.00,0.00,0.00,0.00,Matches,c235e803
98,Tiago Gabriel,pt POR,DF,Lecce,21-241,2004,1,0,17,0.2,1,0,1,1,0,0,0,0,5.29,0.00,5.29,5.29,5.29,Matches,19452285
99,Gianluca Gaetano,it ITA,MF,Atalanta,26-111,2000,1,1,90,1.0,0,1,1,0,0,0,0,0,0.00,1.00,1.00,0.00,1.00,Matches,3b387cc7
100,Nicolas Galazzi,it ITA,MF,Monza,25-249,2000,1,0,21,0.2,0,0,0,0,0,0,0,0,0.00,0.00,0.00,0.00,0.00,Matches,a796492f
101,Antonino Gallo,it ITA,DF,Lecce,26-231,2000,1,1,45,0.5,0,0,0,0,0,0,0,0,0.00,0.00,0.00,0.00,0.00,Matches,c74d63ac
102,Omri Gandelman,il ISR,MF,Lecce,26-100,2000,1,0,1,0.0,0,0,0,0,0,0,0,0,0.00,0.00,0.00,0.00,0.00,Matches,e4b121b3
103,Willem Geubbels,fr FRA,FW,Lecce,25-008,2001,1,1,73,0.8,0,0,0,0,0,0,0,0,0.00,0.00,0.00,0.00,0.00,Matches,9836e892
104,Mario Gila,es ESP,DF,Milan,25-360,2000,1,1,75,0.8,0,0,0,0,0,0,0,0,0.00,0.00,0.00,0.00,0.00,Matches,9c435456
105,Gvidas Gineitis,lt LTU,MF,Torino,22-131,2004,1,1,90,1.0,0,1,1,0,0,0,0,0,0.00,1.00,1.00,0.00,1.00,Matches,548bd0de
106,Unai Gómez,es ESP,MF,Udinese,23-091,2003,1,0,6,0.1,0,0,0,0,0,0,1,0,0.00,0.00,0.00,0.00,0.00,Matches,37db6cae
107,Olaf Gorter,nl NED,MF,Lecce,21-205,2005,1,1,60,0.7,1,0,1,1,0,0,0,0,1.50,0.00,1.50,1.50,1.50,Matches,7b2e8e08
108,Idrissa Guèye,sn SEN,FW,Udinese,19-342,2006,1,1,71,0.8,0,0,0,0,0,0,0,0,0.00,0.00,0.00,0.00,0.00,Matches,bfecfbde
109,Antoine Hainaut,fr FRA,MF,Venezia,24-187,2002,1,1,84,0.9,0,0,0,0,0,0,0,0,0.00,0.00,0.00,0.00,0.00,Matches,6503f220
110,Ridgeciano Haps,sr SUR,DFMF,Venezia,33-073,1993,1,0,27,0.3,0,0,0,0,0,0,0,0,0.00,0.00,0.00,0.00,0.00,Matches,c8d7131c
111,Luis Hasa,al ALB,MF,Frosinone,22-230,2004,1,0,24,0.3,0,0,0,0,0,0,0,0,0.00,0.00,0.00,0.00,0.00,Matches,ab4f1aa9
112,Luis Henrique,br BRA,MF,Inter,24-253,2001,1,0,16,0.2,0,0,0,0,0,0,0,0,0.00,0.00,0.00,0.00,0.00,Matches,f36d5624
113,Rasmus Højlund,dk DEN,FW,Napoli,23-201,2003,1,1,77,0.9,0,0,0,0,0,0,0,0,0.00,0.00,0.00,0.00,0.00,Matches,491a433d
114,Ardian Ismajli,al ALB,DF,Torino,29-328,1996,1,1,90,1.0,0,0,0,0,0,0,0,0,0.00,0.00,0.00,0.00,0.00,Matches,6b635f5c
115,Ardon Jashari,ch SUI,MF,Milan,24-025,2002,1,1,55,0.6,0,0,0,0,0,0,0,0,0.00,0.00,0.00,0.00,0.00,Matches,889588db
116,Pierre Kalulu,fr FRA,DF,Juventus,26-080,2000,1,1,90,1.0,0,0,0,0,0,0,0,0,0.00,0.00,0.00,0.00,0.00,Matches,85f7d1be
117,Hassane Kamara,ci CIV,MF,Udinese,32-172,1994,1,1,90,1.0,1,0,1,1,0,0,0,0,1.00,0.00,1.00,1.00,1.00,Matches,19a12bed
118,Jesper Karlström,se SWE,MF,Udinese,31-064,1995,1,1,90,1.0,0,0,0,0,0,0,0,0,0.00,0.00,0.00,0.00,0.00,Matches,e0a1f4eb
119,Mandela Keita,be BEL,FW,Parma,24-106,2002,1,1,74,0.8,0,0,0,0,0,0,0,0,0.00,0.00,0.00,0.00,0.00,Matches,f5692b25
120,Lloyd Kelly,eng ENG,DF,Juventus,27-322,1998,1,1,90,1.0,0,0,0,0,0,0,0,0,0.00,0.00,0.00,0.00,0.00,Matches,f31def1e
121,Kialonda,ao ANG,DF,Lecce,28-331,1997,1,1,90,1.0,0,0,0,0,0,0,1,0,0.00,0.00,0.00,0.00,0.00,Matches,34e4dc3b
122,Sead Kolašinac,ba BIH,DFMF,Atalanta,33-065,1993,1,0,20,0.2,0,0,0,0,0,0,0,0,0.00,0.00,0.00,0.00,0.00,Matches,3935e52e
123,Randal Kolo Muani,fr FRA,FW,Juventus,27-262,1998,1,1,90,1.0,0,0,0,0,0,0,0,0,0.00,0.00,0.00,0.00,0.00,Matches,c0b3669f
124,Abdou-Salam Konaté,sn SEN,MF,Parma,19-272,2006,1,1,83,0.9,0,0,0,0,0,0,0,0,0.00,0.00,0.00,0.00,0.00,Matches,28f5c165
125,Teun Koopmeiners,nl NED,DFMF,Juventus,28-177,1998,1,0,12,0.1,0,0,0,0,0,0,0,0,0.00,0.00,0.00,0.00,0.00,Matches,a26fb8aa
126,Odilon Kossounou,ci CIV,DF,Atalanta,25-232,2001,1,1,90,1.0,0,0,0,0,0,0,0,0,0.00,0.00,0.00,0.00,0.00,Matches,1f3afdcb
127,Eddy Kouadio,ci CIV,DF,Monza,20-086,2006,1,1,90,1.0,0,0,0,0,0,0,1,0,0.00,0.00,0.00,0.00,0.00,Matches,7067db90
128,Rachid Kouda,it ITA,MF,Parma,24-030,2002,1,0,16,0.2,0,0,0,0,0,0,0,0,0.00,0.00,0.00,0.00,0.00,Matches,8a9ff091
129,Nikola Krstović,me MNE,FW,Atalanta,26-141,2000,1,0,31,0.3,1,0,1,1,0,0,0,0,2.90,0.00,2.90,2.90,2.90,Matches,473803c9
130,Sandro Kulenović,hr CRO,FW,Torino,26-263,1999,1,0,6,0.1,0,0,0,0,0,0,0,0,0.00,0.00,0.00,0.00,0.00,Matches,981e1bee
131,Gabriel Kulla,al ALB,FW,Sassuolo,18-185,2008,1,0,3,0.0,0,0,0,0,0,0,0,0,0.00,0.00,0.00,0.00,0.00,Matches,48f99a2f
132,Giorgi Kvernadze,ge GEO,MF,Frosinone,23-198,2003,1,1,90,1.0,0,0,0,0,0,0,0,0,0.00,0.00,0.00,0.00,0.00,Matches,70006831
133,Noa Lang,nl NED,FWMF,Napoli,27-068,1999,1,0,25,0.3,0,0,0,0,0,0,0,0,0.00,0.00,0.00,0.00,0.00,Matches,8e034340
134,Armand Lauriente,fr FRA,FW,Sassuolo,27-263,1998,1,1,90,1.0,0,0,0,0,0,0,0,0,0.00,0.00,0.00,0.00,0.00,Matches,2d22cea7
135,Fedde Leysen,be BEL,DF,Sassuolo,23-046,2003,1,0,17,0.2,0,0,0,0,0,0,0,0,0.00,0.00,0.00,0.00,0.00,Matches,19b3caf7
136,Mattia Liberali,it ITA,MF,Como,19-140,2007,1,0,20,0.2,0,0,0,0,0,0,0,0,0.00,0.00,0.00,0.00,0.00,Matches,775f4a87
137,Stanislav Lobotka,sk SVK,MF,Napoli,31-272,1994,1,1,90,1.0,0,0,0,0,0,0,0,0,0.00,0.00,0.00,0.00,0.00,Matches,e1cbb531
138,Manuel Locatelli,it ITA,MF,Juventus,28-228,1998,1,1,90,1.0,0,0,0,0,0,0,0,0,0.00,0.00,0.00,0.00,0.00,Matches,a8a874f1
139,Ruben Loftus-Cheek,eng ENG,MF,Milan,30-213,1996,1,1,55,0.6,0,0,0,0,0,0,1,0,0.00,0.00,0.00,0.00,0.00,Matches,e97fd090
140,Simone Lontani,it ITA,FW,Parma,18-217,2008,1,1,74,0.8,0,0,0,0,0,0,0,0,0.00,0.00,0.00,0.00,0.00,Matches,a345bf69
141,Lorenzo Lucca,it ITA,FW,Napoli,25-348,2000,1,0,13,0.1,0,0,0,0,0,0,0,0,0.00,0.00,0.00,0.00,0.00,Matches,83c06f3a
142,Lorenzo Lucchesi,it ITA,DF,Monza,23-107,2003,1,1,87,1.0,0,0,0,0,0,0,1,0,0.00,0.00,0.00,0.00,0.00,Matches,bf5948ea
143,Douglas Luiz,br BRA,MF,Juventus,28-107,1998,1,1,78,0.9,0,0,0,0,0,0,0,0,0.00,0.00,0.00,0.00,0.00,Matches,6f7d826d
144,Tommaso Macchioni,it ITA,DF,Sassuolo,20-142,2006,1,1,73,0.8,0,0,0,0,0,0,0,0,0.00,0.00,0.00,0.00,0.00,Matches,78c5642e
145,Mike Maignan,fr FRA,GK,Milan,31-052,1995,1,1,90,1.0,0,0,0,0,0,0,0,0,0.00,0.00,0.00,0.00,0.00,Matches,fcb38f57
146,Daniel Maldini,it ITA,MF,Cagliari,24-317,2001,1,1,86,1.0,0,0,0,0,0,0,0,0,0.00,0.00,0.00,0.00,0.00,Matches,801831fe
147,Youssef Maleh,ma MAR,MF,Lecce,28-002,1998,1,0,30,0.3,0,0,0,0,0,0,0,0,0.00,0.00,0.00,0.00,0.00,Matches,4c8845f7
148,Ricardo Mangas,pt POR,FW,Monza,28-158,1998,1,1,90,1.0,0,0,0,0,0,0,0,0,0.00,0.00,0.00,0.00,0.00,Matches,eef2d8ce
149,Alessandro Marcandalli,it ITA,DF,Genoa,23-303,2002,1,1,90,1.0,0,0,0,0,0,0,0,0,0.00,0.00,0.00,0.00,0.00,Matches,d3225ad1
150,Rafa Marín,es ESP,DF,Napoli,24-097,2002,1,1,80,0.9,0,0,0,0,0,0,0,0,0.00,0.00,0.00,0.00,0.00,Matches,3239a8ed
151,Josep Martinez,es ESP,GK,Inter,28-089,1998,1,1,90,1.0,0,0,0,0,0,0,0,0,0.00,0.00,0.00,0.00,0.00,Matches,11d8aff0
152,Lautaro Martínez,ar ARG,FW,Inter,29-002,1997,1,1,53,0.6,0,0,0,0,0,0,1,0,0.00,0.00,0.00,0.00,0.00,Matches,f7036e1c
153,Diego Mascardi,it ITA,GK,Torino,19-332,2006,1,1,90,1.0,0,0,0,0,0,0,0,0,0.00,0.00,0.00,0.00,0.00,Matches,acf47c4a
154,Patrizio Masini,it ITA,MF,Frosinone,25-209,2001,1,0,32,0.4,0,0,0,0,0,0,0,0,0.00,0.00,0.00,0.00,0.00,Matches,151354b8
155,Nemanja Matić,rs SRB,MF,Sassuolo,38-023,1988,1,1,73,0.8,0,0,0,0,0,0,0,0,0.00,0.00,0.00,0.00,0.00,Matches,eb7822d7
156,Weston McKennie,us USA,MF,Juventus,27-361,1998,1,1,90,1.0,0,0,0,0,0,0,0,0,0.00,0.00,0.00,0.00,0.00,Matches,01c3aff5
157,Scott McTominay,sct SCO,MF,Napoli,29-259,1996,1,1,90,1.0,0,0,0,0,0,0,0,0,0.00,0.00,0.00,0.00,0.00,Matches,d93c2511
158,Franz-Ethan Meichtry,ch SUI,MF,Genoa,21-047,2005,1,0,17,0.2,0,0,0,0,0,0,0,0,0.00,0.00,0.00,0.00,0.00,Matches,6e907945
159,Paul Mendy,sn SEN,FW,Cagliari,19-235,2007,1,1,65,0.7,0,0,0,0,0,0,0,0,0.00,0.00,0.00,0.00,0.00,Matches,2bf26d08
160,Alex Meret,it ITA,GK,Napoli,29-155,1997,1,1,90,1.0,0,0,0,0,0,0,0,0,0.00,0.00,0.00,0.00,0.00,Matches,9413b19f
161,Junior Messias,br BRA,FWMF,Genoa,35-103,1991,1,0,25,0.3,0,0,0,0,0,0,0,0,0.00,0.00,0.00,0.00,0.00,Matches,f49c4ae9
162,Luis Milla,es ESP,MF,Como,31-321,1994,1,1,90,1.0,0,0,0,0,0,0,0,0,0.00,0.00,0.00,0.00,0.00,Matches,19c36442
163,Lennon Miller,sct SCO,MF,Udinese,19-364,2006,1,0,20,0.2,0,0,0,0,0,0,0,0,0.00,0.00,0.00,0.00,0.00,Matches,38d7f638
164,Luka Modrić,hr CRO,MF,Milan,40-349,1985,1,0,35,0.4,0,0,0,0,0,0,0,0,0.00,0.00,0.00,0.00,0.00,Matches,6025fab1
165,Ilario Monterisi,it ITA,DF,Frosinone,24-248,2001,1,1,66,0.7,0,0,0,0,0,0,0,0,0.00,0.00,0.00,0.00,0.00,Matches,31b252fc
166,Mathis Mout,it ITA,MF,Monza,19-018,2007,1,1,69,0.8,0,1,1,0,0,0,0,0,0.00,1.30,1.30,0.00,1.30,Matches,72760a59
167,Arijanet Muric,xk KVX,GK,Sassuolo,27-290,1998,1,1,90,1.0,0,0,0,0,0,0,0,0,0.00,0.00,0.00,0.00,0.00,Matches,99aa1a84
168,Yunus Musah,us USA,MF,Milan,23-268,2002,1,1,90,1.0,0,0,0,0,0,0,0,0,0.00,0.00,0.00,0.00,0.00,Matches,b51b1b9c
169,Kingstone Mutandwa,zm ZAM,FW,Cagliari,23-231,2003,1,0,4,0.0,0,0,0,0,0,0,0,0,0.00,0.00,0.00,0.00,0.00,Matches,cbe32194
170,Konan N'dri,ne NIG,FW,Lecce,25-301,2000,1,1,73,0.8,0,0,0,0,0,0,0,0,0.00,0.00,0.00,0.00,0.00,Matches,17329380
171,Corrie Ndaba,ie IRL,DFMF,Lecce,26-242,1999,1,0,45,0.5,0,0,0,0,0,0,0,0,0.00,0.00,0.00,0.00,0.00,Matches,4db55657
172,Michel Ndary Adopo,fr FRA,MF,Cagliari,26-036,2000,1,1,90,1.0,0,1,1,0,0,0,0,0,0.00,1.00,1.00,0.00,1.00,Matches,599d91d0
173,Abdoulaye Ndiaye,sn SEN,DF,Parma,24-136,2002,1,1,90,1.0,0,0,0,0,0,0,0,0,0.00,0.00,0.00,0.00,0.00,Matches,b8cd2ae4
174,Oumar Ngom,mr MTN,MF,Lecce,22-168,2004,1,1,90,1.0,0,0,0,0,0,0,1,0,0.00,0.00,0.00,0.00,0.00,Matches,2fd5aca2
175,Alieu Njie,se SWE,FW,Torino,21-102,2005,1,0,21,0.2,0,0,0,0,0,0,0,0,0.00,0.00,0.00,0.00,0.00,Matches,15918c9c
176,Brooke Norton-Cuffy,eng ENG,MF,Genoa,22-224,2004,1,1,90,1.0,0,0,0,0,0,0,0,0,0.00,0.00,0.00,0.00,0.00,Matches,54f5b2bd
177,Adam Obert,sk SVK,DF,Cagliari,24-001,2002,1,1,86,1.0,0,0,0,0,0,0,0,0,0.00,0.00,0.00,0.00,0.00,Matches,aa25ce92
178,Cas Odenthal,nl NED,DF,Sassuolo,25-332,2000,1,1,90,1.0,1,0,1,1,0,0,0,0,1.00,0.00,1.00,1.00,1.00,Matches,e14e10b1
179,Maduka Okoye,ng NGA,GK,Udinese,26-361,1999,1,1,90,1.0,0,0,0,0,0,0,0,0,0.00,0.00,0.00,0.00,0.00,Matches,ab5c36dd
180,Mathías Olivera,uy URU,DFMF,Napoli,28-297,1997,1,0,10,0.1,0,0,0,0,0,0,0,0,0.00,0.00,0.00,0.00,0.00,Matches,41c12f75
181,Christian Ordoñez,ar ARG,MF,Parma,22-031,2004,1,1,90,1.0,0,0,0,0,0,0,0,0,0.00,0.00,0.00,0.00,0.00,Matches,0d94b6d9
182,Sebastian Otoa,dk DEN,DF,Genoa,22-103,2004,1,0,25,0.3,0,0,0,0,0,0,0,0,0.00,0.00,0.00,0.00,0.00,Matches,a214da59
183,Anthony Oyono,ga GAB,DFMF,Frosinone,25-134,2001,1,0,24,0.3,0,0,0,0,0,0,0,0,0.00,0.00,0.00,0.00,0.00,Matches,68b7e72e
184,Matteo Palma,de GER,DF,Udinese,18-164,2008,1,1,45,0.5,0,0,0,0,0,0,0,0,0.00,0.00,0.00,0.00,0.00,Matches,cb2e6751
185,Lorenzo Palmisani,it ITA,GK,Frosinone,22-073,2004,1,1,90,1.0,0,0,0,0,0,0,0,0,0.00,0.00,0.00,0.00,0.00,Matches,7059209e
186,Mario Pašalić,hr CRO,MF,Atalanta,31-196,1995,1,1,59,0.7,0,0,0,0,0,0,0,0,0.00,0.00,0.00,0.00,0.00,Matches,e599253a
187,Strahinja Pavlović,rs SRB,DF,Milan,25-092,2001,1,1,90,1.0,0,0,0,0,0,0,0,0,0.00,0.00,0.00,0.00,0.00,Matches,25146df0
188,Nicolás Paz,ar ARG,MF,Como,21-350,2004,1,1,88,1.0,0,0,0,0,0,0,0,0,0.00,0.00,0.00,0.00,0.00,Matches,01bb93d5
189,Marcus Pedersen,no NOR,MF,Torino,26-039,2000,1,1,69,0.8,0,0,0,0,0,0,0,0,0.00,0.00,0.00,0.00,0.00,Matches,596cc50e
190,Zé Pedro Figueiredo,pt POR,DF,Cagliari,29-079,1997,1,1,65,0.7,0,0,0,0,0,0,1,0,0.00,0.00,0.00,0.00,0.00,Matches,2063e21d
191,Kike Pérez,es ESP,MF,Venezia,29-191,1997,1,1,69,0.8,0,0,0,0,0,0,0,0,0.00,0.00,0.00,0.00,0.00,Matches,237a3851
192,Mattia Perin,it ITA,GK,Juventus,33-287,1992,1,0,1,0.0,0,0,0,0,0,0,0,0,0.00,0.00,0.00,0.00,0.00,Matches,4c62d0c8
193,Máximo Perrone,ar ARG,MF,Como,23-229,2003,1,1,45,0.5,0,0,0,0,0,0,0,0,0.00,0.00,0.00,0.00,0.00,Matches,53552942
194,Santiago Pierotti,ar ARG,FW,Lecce,25-143,2001,1,1,89,1.0,0,0,0,0,0,0,0,0,0.00,0.00,0.00,0.00,0.00,Matches,ec315772
195,Jakub Piotrowski,pl POL,MF,Udinese,28-324,1997,1,1,70,0.8,0,0,0,0,0,0,1,0,0.00,0.00,0.00,0.00,0.00,Matches,af686bed
196,Semuel Pizzignacco,it ITA,GK,Monza,24-357,2001,1,1,90,1.0,0,0,0,0,0,0,0,0,0.00,0.00,0.00,0.00,0.00,Matches,4f537cf7
197,Matteo Politano,it ITA,FW,Napoli,33-021,1993,1,1,66,0.7,0,0,0,0,0,0,1,0,0.00,0.00,0.00,0.00,0.00,Matches,5e861944
198,Adrien Rabiot,fr FRA,MF,Milan,31-143,1995,1,0,35,0.4,1,1,2,1,0,0,0,0,2.57,2.57,5.14,2.57,5.14,Matches,8794e251
199,Antonio Raimondo,it ITA,FW,Frosinone,22-159,2004,1,1,90,1.0,0,0,0,0,0,0,0,0,0.00,0.00,0.00,0.00,0.00,Matches,ce1a6c7e
200,Jacobo Ramón,es ESP,DF,Como,21-230,2005,1,1,90,1.0,0,0,0,0,0,0,0,0,0.00,0.00,0.00,0.00,0.00,Matches,4772b1d1
201,Gonçalo Ramos,pt POR,FW,Milan,25-065,2001,1,1,90,1.0,0,0,0,0,0,0,0,0,0.00,0.00,0.00,0.00,0.00,Matches,f63cda26
202,Giacomo Raspadori,it ITA,FW,Atalanta,26-187,2000,1,1,81,0.9,1,0,1,1,0,0,0,0,1.11,0.00,1.11,1.11,1.11,Matches,6e058f06
203,Jay Robinson,eng ENG,MF,Monza,19-162,2007,1,0,8,0.1,0,0,0,0,0,0,0,0,0.00,0.00,0.00,0.00,0.00,Matches,2a616c85
204,Jesus Rodríguez,es ESP,MF,Como,20-276,2005,1,1,70,0.8,0,0,0,0,0,0,0,0,0.00,0.00,0.00,0.00,0.00,Matches,f9f74e43
205,Juan Rodríguez,uy URU,DF,Cagliari,21-086,2005,1,1,90,1.0,0,0,0,0,0,0,0,0,0.00,0.00,0.00,0.00,0.00,Matches,8f72c9d2
206,Alessandro Romano,ch SUI,MF,Cagliari,20-068,2006,1,1,90,1.0,1,0,1,1,0,0,0,0,1.00,0.00,1.00,1.00,1.00,Matches,e7b212fa
207,Albion Rrahmani,xk KVX,FW,Venezia,25-358,2000,1,0,6,0.1,0,0,0,0,0,0,0,0,0.00,0.00,0.00,0.00,0.00,Matches,8b61ea62
208,Amir Rrahmani,xk KVX,DF,Napoli,32-181,1994,1,1,90,1.0,0,0,0,0,0,0,0,0,0.00,0.00,0.00,0.00,0.00,Matches,4b3e1a38
209,Alexis Saelemaekers,be BEL,MF,Milan,27-058,1999,1,0,25,0.3,0,0,0,0,0,0,0,0,0.00,0.00,0.00,0.00,0.00,Matches,ee251371
210,Richie Sagrado,be BEL,MF,Venezia,22-206,2004,1,0,6,0.1,0,0,0,0,0,0,0,0,0.00,0.00,0.00,0.00,0.00,Matches,3e3190f1
211,Lazar Samardzic,rs SRB,MF,Atalanta,24-181,2002,1,0,31,0.3,0,0,0,0,0,0,0,0,0.00,0.00,0.00,0.00,0.00,Matches,217c93a1
212,Alisson Santos,br BRA,FW,Napoli,23-331,2002,1,1,65,0.7,0,0,0,0,0,0,0,0,0.00,0.00,0.00,0.00,0.00,Matches,c67e9194
213,Giorgio Scalvini,it ITA,DF,Atalanta,22-256,2003,1,1,90,1.0,0,0,0,0,0,0,0,0,0.00,0.00,0.00,0.00,0.00,Matches,1e9aa637
214,Gianluca Scamacca,it ITA,FW,Atalanta,27-235,1999,1,1,59,0.7,0,0,0,0,0,0,0,0,0.00,0.00,0.00,0.00,0.00,Matches,8790f988
215,Joël Schingtienne,be BEL,DF,Venezia,24-012,2002,1,1,90,1.0,0,0,0,0,0,0,0,0,0.00,0.00,0.00,0.00,0.00,Matches,35a4790e
216,Romano Schmid,at AUT,MF,Frosinone,26-209,2000,1,1,58,0.6,0,0,0,0,0,0,1,0,0.00,0.00,0.00,0.00,0.00,Matches,220ace7e
217,Jamil Siebert,de GER,DF,Lecce,24-144,2002,1,1,90,1.0,0,0,0,0,0,0,0,0,0.00,0.00,0.00,0.00,0.00,Matches,5967328c
218,Éderson Silva,br BRA,MF,Atalanta,27-048,1999,1,1,90,1.0,0,0,0,0,0,0,0,0,0.00,0.00,0.00,0.00,0.00,Matches,a9202def
219,Giovanni Simeone,ar ARG,FW,Torino,31-050,1995,1,1,69,0.8,0,0,0,0,0,0,0,0,0.00,0.00,0.00,0.00,0.00,Matches,343c0d52
220,Ivan Smolčić,hr CRO,DF,Como,26-007,2000,1,0,2,0.0,0,0,0,0,0,0,0,0,0.00,0.00,0.00,0.00,0.00,Matches,08e57960
221,Oumar Solet,fr FRA,DF,Udinese,26-198,2000,1,1,90,1.0,0,0,0,0,0,0,0,0,0.00,0.00,0.00,0.00,0.00,Matches,0670ee51
222,Djibril Sow,ch SUI,MF,Genoa,29-199,1997,1,0,16,0.2,0,0,0,0,0,0,0,0,0.00,0.00,0.00,0.00,0.00,Matches,4c6facae
223,Leonardo Spinazzola,it ITA,DF,Napoli,33-152,1993,1,1,90,1.0,0,0,0,0,0,0,0,0,0.00,0.00,0.00,0.00,0.00,Matches,3626daea
224,Aleksandar Stanković,rs SRB,MF,Inter,21-021,2005,1,0,8,0.1,0,0,0,0,0,0,0,0,0.00,0.00,0.00,0.00,0.00,Matches,22cdb8a6
225,Filip Stankovic,rs SRB,GK,Venezia,24-180,2002,1,1,90,1.0,0,0,0,0,0,0,0,0,0.00,0.00,0.00,0.00,0.00,Matches,d34d8ed2
226,John Stones,eng ENG,DF,Inter,32-088,1994,1,0,16,0.2,0,0,0,0,0,0,0,0,0.00,0.00,0.00,0.00,0.00,Matches,5eecec3d
227,Nikola Štulić,rs SRB,FW,Lecce,24-350,2001,1,0,17,0.2,0,0,0,0,0,0,0,0,0.00,0.00,0.00,0.00,0.00,Matches,557ada13
228,Petar Sučić,hr CRO,MF,Inter,22-303,2003,1,0,37,0.4,0,0,0,0,0,0,0,0,0.00,0.00,0.00,0.00,0.00,Matches,23fb46ea
229,Aleksa Terzić,rs SRB,DF,Frosinone,27-007,1999,1,0,15,0.2,0,0,0,0,0,0,0,0,0.00,0.00,0.00,0.00,0.00,Matches,3ef0a2d7
230,Kristian Thorstvedt,no NOR,MF,Sassuolo,27-164,1999,1,0,27,0.3,0,0,0,0,0,0,0,0,0.00,0.00,0.00,0.00,0.00,Matches,76ff8d0d
231,Mariano Troilo,ar ARG,DF,Parma,23-063,2003,1,1,84,0.9,0,0,0,0,0,0,0,0,0.00,0.00,0.00,0.00,0.00,Matches,fa2c1419
232,Emanuele Valeri,it ITA,DF,Parma,27-260,1998,1,1,90,1.0,0,0,0,0,0,0,0,0,0.00,0.00,0.00,0.00,0.00,Matches,ec52b661
233,Álex Valle,es ESP,DF,Como,22-121,2004,1,1,90,1.0,0,0,0,0,0,0,0,0,0.00,0.00,0.00,0.00,0.00,Matches,97022551
234,Gustavo Varela,pt POR,FW,Monza,21-206,2005,1,1,82,0.9,1,0,1,1,0,0,0,0,1.10,0.00,1.10,1.10,1.10,Matches,d46ec7b4
235,Johan Vásquez,mx MEX,DF,Genoa,27-306,1998,1,1,86,1.0,0,0,0,0,0,0,0,0,0.00,0.00,0.00,0.00,0.00,Matches,5eaed77a
236,Danilo Veiga,pt POR,DF,Lecce,23-333,2002,1,1,90,1.0,0,0,0,0,0,0,1,0,0.00,0.00,0.00,0.00,0.00,Matches,cc094532
237,Antonio Vergara,it ITA,MF,Napoli,23-220,2003,1,0,24,0.3,1,1,2,1,0,0,0,0,3.75,3.75,7.50,3.75,7.50,Matches,848c17ed
238,Guglielmo Vicario,it ITA,GK,Juventus,29-321,1996,1,1,89,1.0,0,0,0,0,0,0,0,0,0.00,0.00,0.00,0.00,0.00,Matches,77d6fd4d
239,Vitinha,pt POR,MF,Genoa,26-162,2000,1,1,90,1.0,0,0,0,0,0,0,0,0,0.00,0.00,0.00,0.00,0.00,Matches,74d4cec6
240,Nikola Vlašić,hr CRO,MF,Torino,28-324,1997,1,1,90,1.0,0,0,0,0,0,0,0,0,0.00,0.00,0.00,0.00,0.00,Matches,aa8e289e
241,Mërgim Vojvoda,xk KVX,MF,Udinese,31-204,1995,1,1,90,1.0,0,0,0,0,0,0,0,0,0.00,0.00,0.00,0.00,0.00,Matches,be2706c0
242,Cristian Volpato,au AUS,FW,Sassuolo,22-282,2003,1,1,87,1.0,0,0,0,0,0,0,0,0,0.00,0.00,0.00,0.00,0.00,Matches,72f87f25
243,Harry Winks,eng ENG,MF,Cagliari,30-203,1996,1,1,90,1.0,0,0,0,0,0,0,0,0,0.00,0.00,0.00,0.00,0.00,Matches,2f7acede
244,John Yeboah,ec ECU,FW,Venezia,26-062,2000,1,1,90,1.0,0,0,0,0,0,0,0,0,0.00,0.00,0.00,0.00,0.00,Matches,8dfdc6c3
245,Kenan Yıldız,tr TUR,MF,Juventus,21-112,2005,1,1,68,0.8,0,0,0,0,0,0,0,0,0.00,0.00,0.00,0.00,0.00,Matches,d8cda243
246,Nicola Zalewski,pl POL,FW,Atalanta,24-213,2002,1,1,59,0.7,0,0,0,0,0,0,0,0,0.00,0.00,0.00,0.00,0.00,Matches,45191c29
247,Nicolò Zaniolo,it ITA,MF,Udinese,27-053,1999,1,1,89,1.0,0,0,0,0,0,0,0,0,0.00,0.00,0.00,0.00,0.00,Matches,9907b1c8
248,Gabriele Zappa,it ITA,DFMF,Cagliari,26-245,1999,1,0,25,0.3,0,0,0,0,0,0,0,0,0.00,0.00,0.00,0.00,0.00,Matches,ca3db240
249,Davide Zappacosta,it ITA,DF,Atalanta,34-074,1992,1,1,90,1.0,0,0,0,0,0,0,0,0,0.00,0.00,0.00,0.00,0.00,Matches,7fe90ccd
250,Oier Zarraga,es ESP,MF,Udinese,27-232,1999,1,0,1,0.0,0,0,0,0,0,0,0,0,0.00,0.00,0.00,0.00,0.00,Matches,968a1c2f
251,Alessio Zerbin,it ITA,FWMF,Frosinone,27-174,1999,1,0,32,0.4,0,0,0,0,0,0,0,0,0.00,0.00,0.00,0.00,0.00,Matches,d19ef4ef
252,Edon Zhegrova,xk KVX,MF,Juventus,27-146,1999,1,0,22,0.2,0,0,0,0,0,0,0,0,0.00,0.00,0.00,0.00,0.00,Matches,34a88e3e
253,Piotr Zieliński,pl POL,MF,Inter,32-096,1994,1,1,82,0.9,1,0,1,1,0,0,0,0,1.10,0.00,1.10,1.10,1.10,Matches,a5296e55
254,Adam Zulevic,sk SVK,FW,Genoa,18-344,2007,1,0,4,0.0,0,0,0,0,0,0,0,0,0.00,0.00,0.00,0.00,0.00,Matches,c4ebf937
255,Leo Østigård,no NOR,DF,Genoa,26-269,1999,1,1,65,0.7,0,0,0,0,0,0,1,0,0.00,0.00,0.00,0.00,0.00,Matches,b35a7399