nome,ruolo,costo_iniziale,fanta_media,centralita_gioco,expected_bonus,difficolta_calendario,previsione_ia,convenienza
Sommer,P,18,5.72,7.5105491620729365,3.2341374838258767,1,6.885844839050455,0.3624128862658134
Di Gregorio,P,14,5.48,3.2661956084459307,2.093391151736738,4,5.344954096779347,0.35633027311862314
Martinez J.,P,12,5.15,4.1098001881307376,4.387862831311081,2,5.4589275253921565,0.4199175019532428
Carnesecchi,P,10,5.1,5.121792524789384,2.983204985232138,2,5.660420434175658,0.5145836758341508
Provedel,P,15,4.9,4.096827264571102,1.2539464307475883,3,5.242657408965425,0.3276660880603391
Dimarco,D,22,7.15,8.17931936234722,4.226117568169262,4,7.452022276591257,0.324000968547446
Hernandez Theo,D,20,6.75,8.999137598845063,3.613681568798001,1,7.665343899499861,0.36501637616666005
Calafiori,D,8,6.55,6.32300847772028,2.6454086378470123,2,6.762513597996471,0.7513903997773856
Bellanova,D,9,6.45,8.718351821522944,5.5576209341715765,1,7.225300962391033,0.7225300962391034
Buongiorno,D,14,6.6,2.977796018788265,-1.0020228407716343,4,5.476180839804892,0.3650787226536594
Darmian,D,10,6.3,8.226130550057915,4.623300590500414,5,6.374949011156207,0.5795408191960187
Pavard,D,15,6.25,4.456281386082318,3.6620241053153864,3,5.866207360328767,0.36663796002054794
Cambiaso,D,11,6.35,6.74153913137476,2.732134448048451,3,6.5242976352315765,0.5436914696026314
Bani,D,5,6.1,3.0206272031444072,1.3173214009734893,1,5.990945883659367,0.9984909806098945
Gatti,D,10,6.4,2.664963813976702,1.4221580181091515,5,5.67644341978911,0.5160403108899191
Calhanoglu,C,25,7.8,8.788959944504615,4.2467834624377625,5,7.739973149006479,0.29769127496178766
Koopmeiners,C,24,7.65,9.273137940982236,4.740172975491136,2,8.31252808017878,0.3325011232071512
Pulisic,C,22,7.75,9.620295787267587,4.999389992271923,3,8.149894334418194,0.35434323193122585
Gudmundsson,C,12,7.9,5.22438754544487,4.965196745571177,5,5.6636113218516435,0.43566240937320333
Luis Alberto,C,20,6.95,7.411074689406645,4.072073032221597,3,7.082203700630141,0.33724779526810195
Felipe Anderson,C,19,6.8,6.180967824795354,2.883828483678933,5,6.445792505016114,0.32228962525080573
Colpani,C,10,7.1,2.465057989113115,0.8226683023088845,4,6.066744488276179,0.5515222262069254
Ferguson,C,12,7.2,7.352505939588588,4.605779719708899,4,6.836872902268931,0.5259133001745332
Rabiot,C,18,6.85,2.628564513388884,0.6595668486137213,3,6.310403769507924,0.3321265141846276
Barella,C,20,6.7,7.221500835873471,4.392453318657814,1,7.4035925714241895,0.3525520272106757
Lautaro Martinez,A,45,8.95,2.5858427331502964,-0.0005242913705529872,5,7.682049073131768,0.16700106680721236
Vlahovic,A,38,8.2,4.142854051303221,2.1217955063736773,5,7.496408214118766,0.1922155952338145
Osimhen,A,48,7.85,6.700620570275241,3.41105471406634,4,8.06606197814739,0.16461350975811
Giroud,A,32,7.95,2.890347699030551,1.793576870575638,1,8.150630680149732,0.2469888084893858
Dybala,A,35,8.35,5.441391509723685,2.455182619294567,1,8.517967166298934,0.23661019906385927
Zapata D.,A,25,7.7,3.450167556214711,1.2417552284141964,5,7.190353706548672,0.2765520656364874
Thuram,A,28,7.85,6.426182095386944,3.4031133898816552,5,7.580774643626674,0.2614060221940232
Scamacca,A,26,7.75,3.8715875375364375,3.106640190844232,5,7.177555026652811,0.2658353713575115
Lookman,A,27,7.9,4.221213474714262,3.3518434509045387,4,7.5009595252337,0.2678914116154893
Retegui,A,22,7.1,2.3141181615153057,-0.045215881183498396,1,7.445709221194086,0.32372648787800373
Riempitivo_P_0,P,1,5.0,9.001704926212897,2.785251464868873,2,5.562175607399929,2.7810878036999647
Riempitivo_P_1,P,1,5.0,8.971238652960587,4.02784957362549,3,5.3971238652960585,2.6985619326480292
Riempitivo_P_2,P,1,5.0,8.725356785703744,4.639717872067042,1,5.694887819284598,2.847443909642299
Riempitivo_P_3,P,1,5.0,1.8373725824314637,0.13053300175053173,1,4.964761493737735,2.4823807468688677
Riempitivo_P_4,P,1,5.0,3.9725052341500895,0.42801218552231113,2,5.0441680391174595,2.5220840195587297
Riempitivo_P_5,P,1,5.0,2.3486960650942343,0.5793101894187708,2,4.8769156947047065,2.4384578473523533
Riempitivo_P_6,P,1,5.0,5.470828137029438,3.233059844926921,5,4.744257844880766,2.372128922440383
Riempitivo_P_7,P,1,5.0,1.953928882668491,1.3074661712147035,4,4.554531101618843,2.2772655508094215
Riempitivo_P_8,P,1,5.0,2.709417336876892,1.5412832600464983,2,4.91406998569832,2.45703499284916
Riempitivo_P_9,P,1,5.0,2.297824344540227,3.526809737025891,1,5.013569380521265,2.5067846902606323
Riempitivo_P_10,P,1,5.0,6.805319425459591,4.959194353495798,5,4.869700025993202,2.434850012996601
Riempitivo_P_11,P,1,5.0,4.717544686690343,3.4541429582547467,3,4.971754468669034,2.485877234334517
Riempitivo_P_12,P,1,5.0,9.982031939511755,4.723299595940538,3,5.498203193951175,2.7491015969755876
Riempitivo_P_13,P,1,5.0,7.7269551808281305,3.1811176042121585,1,5.589057249167782,2.794528624583891
Riempitivo_P_14,P,1,5.0,3.8044030149128543,2.3099215543746556,2,5.026853510536024,2.513426755268012
Riempitivo_P_15,P,1,5.0,6.407614821107702,1.7869822644668265,2,5.2949843265740935,2.6474921632870467
Riempitivo_P_16,P,1,5.0,2.996667823523401,1.1175348600940884,3,4.7996667823523405,2.3998333911761702
Riempitivo_P_17,P,1,5.0,1.115042268675051,0.26736019015589735,3,4.611504226867505,2.3057521134337526
Riempitivo_P_18,P,1,5.0,1.439142650446982,0.90079554880723,5,4.3652794091420155,2.1826397045710078
Riempitivo_P_19,P,1,5.0,9.592090647335061,5.268429819527282,1,5.786761608617516,2.893380804308758
Riempitivo_D_0,D,1,5.0,5.867273303659684,3.6694445021715048,5,4.78152369054401,2.390761845272005
Riempitivo_D_1,D,1,5.0,4.305071035003503,3.54411465839346,3,4.93050710350035,2.465253551750175
Riempitivo_D_2,D,1,5.0,3.0234071334670682,0.8659665257881011,4,4.658270491946306,2.329135245973153
Riempitivo_D_3,D,1,5.0,7.899358253830772,3.6938835336818623,1,5.607331974906062,2.803665987453031
Riempitivo_D_4,D,1,5.0,6.8930818415789,3.6485647827268903,1,5.500666675207364,2.750333337603682
Riempitivo_D_5,D,1,5.0,6.417235784618802,3.8132665251504747,4,4.987471871108023,2.4937359355540116
Riempitivo_D_6,D,1,5.0,2.7042303753928474,1.8997786611769834,3,4.770423037539285,2.3852115187696423
Riempitivo_D_7,D,1,5.0,6.848967838764856,2.878979685804224,2,5.3404436873927805,2.6702218436963903
Riempitivo_D_8,D,1,5.0,8.692692512339159,6.033999859893386,3,5.3692692512339155,2.6846346256169578
Riempitivo_D_9,D,1,5.0,3.810289350858585,2.472748241849564,5,4.588167198980707,2.2940835994903535
Riempitivo_D_10,D,1,5.0,1.5518997223653992,1.4439151299161104,1,4.934501370570733,2.4672506852853666
Riempitivo_D_11,D,1,5.0,6.936676341000381,2.917781619273506,1,5.50528769214604,2.75264384607302
Riempitivo_D_12,D,1,5.0,8.710746696342124,3.912746554310957,4,5.209942429545187,2.6049712147725934
Riempitivo_D_13,D,1,5.0,8.645893117663691,4.686284767715604,1,5.686464670472351,2.8432323352361757
Riempitivo_D_14,D,1,5.0,6.516684037835883,4.645198411161346,2,5.3062184558970955,2.6531092279485478
Riempitivo_D_15,D,1,5.0,5.520027051956353,1.9886468039484007,3,5.052002705195635,2.5260013525978176
Riempitivo_D_16,D,1,5.0,7.943206428746884,3.5506516550936325,2,5.4531502621609285,2.7265751310804642
Riempitivo_D_17,D,1,5.0,7.791196754823762,3.8118053165331003,1,5.59586685601132,2.79793342800566
Riempitivo_D_18,D,1,5.0,3.237929425062349,2.167605014009505,1,5.113220519056609,2.5566102595283047
Riempitivo_D_19,D,1,5.0,8.331439044269747,4.311457258455544,3,5.333143904426975,2.6665719522134874
Riempitivo_D_20,D,1,5.0,6.838922919627913,3.6666090626844534,3,5.183892291962792,2.591946145981396
Riempitivo_D_21,D,1,5.0,1.265640991850905,0.6148317588498255,3,4.6265640991850905,2.3132820495925452
Riempitivo_D_22,D,1,5.0,1.6022546379867961,0.1566785241806541,5,4.380611935970759,2.1903059679853794
Riempitivo_D_23,D,1,5.0,5.764346345527653,2.9919857907260656,5,4.7718485564796,2.3859242782398
Riempitivo_D_24,D,1,5.0,1.9306858630859676,-1.707931141396188,1,4.974652701487113,2.4873263507435563
Riempitivo_D_25,D,1,5.0,2.1829889291935887,-1.3721452346229537,2,4.85984785970694,2.42992392985347
Riempitivo_D_26,D,1,5.0,3.216656683583623,2.2812469897178547,2,4.966315638409114,2.483157819204557
Riempitivo_D_27,D,1,5.0,3.781790276427983,2.1694786357704974,1,5.170869769301366,2.585434884650683
Riempitivo_D_28,D,1,5.0,2.237484509261093,1.357024657529797,4,4.582035997398326,2.291017998699163
Riempitivo_D_29,D,1,5.0,8.215101686085942,4.114455862614081,5,5.002219558492078,2.501109779246039
Riempitivo_D_30,D,1,5.0,9.2306081462289,5.45266794653426,5,5.097677165745516,2.548838582872758
Riempitivo_D_31,D,1,5.0,6.642842340465304,3.55560102670484,4,5.009355707025134,2.504677853512567
Riempitivo_D_32,D,1,5.0,2.9399399060446627,1.1596967078247324,1,5.081633630040734,2.540816815020367
Riempitivo_D_33,D,1,5.0,1.307017093730357,-0.5472536487431106,4,4.4917806580918445,2.2458903290459222
Riempitivo_D_34,D,1,5.0,6.364106242042524,1.7894217472070335,3,5.136410624204252,2.568205312102126
Riempitivo_D_35,D,1,5.0,6.939902320872079,5.044459472368117,3,5.193990232087208,2.596995116043604
Riempitivo_D_36,D,1,5.0,2.003420888566401,-0.30268245288731643,4,4.559331826190941,2.2796659130954704
Riempitivo_D_37,D,1,5.0,2.285019334691465,1.2030416098466044,5,4.444791817460997,2.2223959087304985
Riempitivo_D_38,D,1,5.0,3.0930416016521427,2.0132753971631976,2,4.953583284970171,2.4767916424850855
Riempitivo_D_39,D,1,5.0,9.373048152473615,3.412435711194571,1,5.763543104162204,2.881771552081102
Riempitivo_D_40,D,1,5.0,7.227690591376719,1.0038407633553912,2,5.379452130911802,2.689726065455901
Riempitivo_D_41,D,1,5.0,2.7204773921272256,1.65265858107091,1,5.0583706035654865,2.5291853017827433
Riempitivo_D_42,D,1,5.0,8.675671485374512,4.161399965330163,4,5.206540134081327,2.6032700670406634
Riempitivo_D_43,D,1,5.0,9.068815464799883,3.7071878956802125,5,5.082468653691188,2.541234326845594
Riempitivo_D_44,D,1,5.0,9.248908316015509,4.153212045327042,3,5.424890831601551,2.7124454158007754
Riempitivo_D_45,D,1,5.0,8.193248936981119,2.565461037300566,1,5.638484387319999,2.8192421936599996
Riempitivo_D_46,D,1,5.0,7.70636322403545,3.2119475794383714,5,4.954398143059332,2.477199071529666
Riempitivo_D_47,D,1,5.0,7.383039776252833,2.9678838035851087,5,4.924005738967766,2.462002869483883
Riempitivo_D_48,D,1,5.0,4.950683613209513,1.916128851685729,2,5.14492041216058,2.57246020608029
Riempitivo_D_49,D,1,5.0,3.206216403457515,1.1288502601576207,4,4.676002991135379,2.3380014955676893
Riempitivo_C_0,C,1,5.0,9.637550326376964,3.812200427317647,3,5.463755032637696,2.731877516318848
Riempitivo_C_1,C,1,5.0,7.783569247745387,4.364640966903645,4,5.120006217031302,2.560003108515651
Riempitivo_C_2,C,1,5.0,6.329618790551779,4.479535381231715,5,4.824984166311867,2.4124920831559336
Riempitivo_C_3,C,1,5.0,8.208895490606745,3.6001616535443057,3,5.3208895490606745,2.6604447745303372
Riempitivo_C_4,C,1,5.0,9.430537568536801,4.440146749488503,3,5.443053756853679,2.7215268784268396
Riempitivo_C_5,C,1,5.0,1.0016416021795618,1.2295792579243416,5,4.324154310604878,2.162077155302439
Riempitivo_C_6,C,1,5.0,5.108295279486689,2.608436849944968,5,4.7101797562717485,2.3550898781358742
Riempitivo_C_7,C,1,5.0,5.916019895201401,3.110964987673197,4,4.9388539298345355,2.4694269649172678
Riempitivo_C_8,C,1,5.0,7.94974384559074,5.365537173817855,4,5.136125153022301,2.5680625765111507
Riempitivo_C_9,C,1,5.0,3.698152142934663,2.2238648326299,5,4.577626301435858,2.288813150717929
Riempitivo_C_10,C,1,5.0,9.678669059423898,4.873177635203772,4,5.303830898764119,2.6519154493820594
Riempitivo_C_11,C,1,5.0,2.6609142692772845,0.9782042199222649,1,5.052056912543392,2.526028456271696
Riempitivo_C_12,C,1,5.0,3.85813184444985,0.7822366394829607,5,4.592664393378285,2.2963321966891423
Riempitivo_C_13,C,1,5.0,1.802593156986872,2.516370921060812,1,4.961074874640609,2.4805374373203044
Riempitivo_C_14,C,1,5.0,7.6146303370873305,4.280938140711998,2,5.4193069247199945,2.7096534623599973
Riempitivo_C_15,C,1,5.0,4.889509614105624,1.1602734777893136,3,4.988950961410563,2.4944754807052814
Riempitivo_C_16,C,1,5.0,3.8460011541232526,2.0493627055170096,4,4.738062111949956,2.369031055974978
Riempitivo_C_17,C,1,5.0,9.370880538233783,5.172249893863612,4,5.273975412208676,2.636987706104338
Riempitivo_C_18,C,1,5.0,4.672004946742796,2.041740361187058,4,4.818184479834052,2.409092239917026
Riempitivo_C_19,C,1,5.0,1.2005388486740403,-0.19696880776308023,4,4.481452268321381,2.2407261341606906
Riempitivo_C_20,C,1,5.0,3.2550393258425414,2.636657341774262,4,4.680738814606727,2.3403694073033634
Riempitivo_C_21,C,1,5.0,5.910023995453728,2.7240623094041516,2,5.243732471531733,2.6218662357658666
Riempitivo_C_22,C,1,5.0,7.178777020735268,2.7939548357881354,3,5.217877702073527,2.6089388510367635
Riempitivo_C_23,C,1,5.0,5.5825136326162035,1.3892157232230309,5,4.754756281465923,2.3773781407329615
Riempitivo_C_24,C,1,5.0,2.7350191472856373,-0.38981672304146775,5,4.48709179984485,2.243545899922425
Riempitivo_C_25,C,1,5.0,5.84442493422106,4.474035685182322,4,4.931909218619443,2.4659546093097213
Riempitivo_C_26,C,1,5.0,2.995258182757886,1.0221783324468807,1,5.087497367372336,2.543748683686168
Riempitivo_C_27,C,1,5.0,8.710068948370408,5.839646022745457,2,5.532137101682152,2.766068550841076
Riempitivo_C_28,C,1,5.0,1.2988859882696637,0.550048414701833,5,4.352095282897348,2.176047641448674
Riempitivo_C_29,C,1,5.0,6.556736439398652,2.3882746525491387,4,5.001003434621669,2.5005017173108346
Riempitivo_C_30,C,1,5.0,9.383313171825945,3.2391091379046686,4,5.275181377667117,2.6375906888335585
Riempitivo_C_31,C,1,5.0,2.3990655735786883,0.5204356783488732,1,5.024300950799341,2.5121504753996704
Riempitivo_C_32,C,1,5.0,6.166627205629094,1.391049623256044,2,5.270162602179796,2.635081301089898
Riempitivo_C_33,C,1,5.0,5.067523628939352,3.321000299050353,1,5.307157504667571,2.6535787523337855
Riempitivo_C_34,C,1,5.0,1.4917684202271309,-0.12978837113696629,2,4.788652147283395,2.3943260736416976
Riempitivo_C_35,C,1,5.0,9.505953887727612,3.9015905648871323,4,5.287077527109578,2.643538763554789
Riempitivo_C_36,C,1,5.0,5.306298411175307,3.228380595861229,3,5.0306298411175305,2.5153149205587653
Riempitivo_C_37,C,1,5.0,2.440107545873512,0.2887261237897635,4,4.601690431949731,2.3008452159748654
Riempitivo_C_38,C,1,5.0,5.474809483474782,2.766997122254672,5,4.744632091446629,2.3723160457233146
Riempitivo_C_39,C,1,5.0,7.6658473162154666,4.675629878253494,2,5.424582273570193,2.7122911367850966
Riempitivo_C_40,C,1,5.0,5.583263237901343,3.1537589337875165,5,4.754826744362726,2.377413372181363
Riempitivo_C_41,C,1,5.0,4.0165209672259,3.146454565899755,1,5.195751222525946,2.597875611262973
Riempitivo_C_42,C,1,5.0,7.321762647458789,2.8576274851400782,5,4.918245688861126,2.459122844430563
Riempitivo_C_43,C,1,5.0,9.453205158455031,3.3539011675196106,4,5.281960900370137,2.6409804501850687
Riempitivo_C_44,C,1,5.0,2.358091508347898,1.5134443444929901,5,4.4516606017847025,2.2258303008923512
Riempitivo_C_45,C,1,5.0,5.881890506634996,1.6494131093682847,1,5.39348039370331,2.696740196851655
Riempitivo_C_46,C,1,5.0,2.05576852065538,-0.36898618436626673,2,4.846744157627504,2.423372078813752
Riempitivo_C_47,C,1,5.0,5.01972600687222,2.279201299252727,1,5.302090956728455,2.6510454783642277
Riempitivo_C_48,C,1,5.0,7.869294782490405,3.717266895975489,5,4.969713709554099,2.4848568547770493
Riempitivo_C_49,C,1,5.0,5.966833887452959,2.3833352715561684,2,5.249583890407655,2.6247919452038273
Riempitivo_A_0,A,1,5.0,6.374697444211579,3.478187554939004,3,5.137469744421158,2.568734872210579
Riempitivo_A_1,A,1,5.0,6.954752703137202,3.203929627648105,3,5.19547527031372,2.59773763515686
Riempitivo_A_2,A,1,5.0,2.6017469252778658,2.4808691100938027,3,4.760174692527786,2.380087346263893
Riempitivo_A_3,A,1,5.0,5.02442541327826,2.68192603745818,2,5.152515817567662,2.576257908783831
Riempitivo_A_4,A,1,5.0,9.011780316378903,4.608911039712943,5,5.077107349739617,2.5385536748698083
Riempitivo_A_5,A,1,5.0,5.318543070716512,2.289532320368162,2,5.182809936283801,2.5914049681419007
Riempitivo_A_6,A,1,5.0,5.305889489363396,2.7790029151023856,2,5.18150661740443,2.590753308702215
Riempitivo_A_7,A,1,5.0,8.795963601291021,3.2913923726022043,2,5.540984250932975,2.7704921254664874
Riempitivo_A_8,A,1,5.0,6.101868867763816,0.8346431597411508,4,4.956881280173089,2.4784406400865446
Riempitivo_A_9,A,1,5.0,6.8870070740899285,3.9691734059742387,4,5.033039686186723,2.5165198430933615
Riempitivo_A_10,A,1,5.0,7.563909849984343,3.979158630513772,4,5.098699255448481,2.5493496277242405
Riempitivo_A_11,A,1,5.0,3.0416011998270616,-0.12264133564496427,4,4.660035316383225,2.3300176581916126
Riempitivo_A_12,A,1,5.0,7.459881684351916,4.280096322042558,3,5.245988168435192,2.622994084217596
Riempitivo_A_13,A,1,5.0,2.441337018355264,1.5917208273495225,5,4.459485679725394,2.229742839862697
Riempitivo_A_14,A,1,5.0,5.575569877052134,1.7997051207032344,4,4.905830278074056,2.452915139037028
Riempitivo_A_15,A,1,5.0,5.445355751590555,1.068605731173462,2,5.195871642413828,2.597935821206914
Riempitivo_A_16,A,1,5.0,2.645029097912383,-0.1812532321774165,1,5.0503730843787125,2.5251865421893562
Riempitivo_A_17,A,1,5.0,9.863056476194659,4.324600721573738,5,5.157127308762298,2.578563654381149
Riempitivo_A_18,A,1,5.0,3.992309470688733,3.0279555888920537,4,4.752254018656807,2.3761270093284037
Riempitivo_A_19,A,1,5.0,5.825185152950535,3.7613486304119985,2,5.234994070753905,2.6174970353769527
Riempitivo_A_20,A,1,5.0,3.49714957158743,2.441386078345395,1,5.140697854588268,2.570348927294134
Riempitivo_A_21,A,1,5.0,6.811368196819013,4.060021404680412,1,5.492005028862816,2.746002514431408
Riempitivo_A_22,A,1,5.0,6.1294268522093684,1.4191757638572338,1,5.419719246334194,2.709859623167097
Riempitivo_A_23,A,1,5.0,3.487152496451677,2.2710624219444684,3,4.848715249645168,2.424357624822584
Riempitivo_A_24,A,1,5.0,4.624060128585278,2.5105582824536157,5,4.664661652087016,2.332330826043508
Riempitivo_A_25,A,1,5.0,1.6443111078931247,-1.3649232680143735,3,4.664431110789312,2.332215555394656
Riempitivo_A_26,A,1,5.0,5.619741457801698,2.658290052157066,3,5.06197414578017,2.530987072890085
Riempitivo_A_27,A,1,5.0,1.7453855056382372,1.5283966663997048,3,4.674538550563824,2.337269275281912
Riempitivo_A_28,A,1,5.0,6.0749015290326795,3.1895969529574355,5,4.801040743729072,2.400520371864536
Riempitivo_A_29,A,1,5.0,4.954812477887566,4.157722976549731,1,5.295210122656082,2.647605061328041
